slug,url
rails.html,https://app.getonboardai.com/chat/github/rails/rails
openpipe.html,https://app.getonboardai.com/chat/github/openpipe/openpipe
warrant.html,https://app.getonboardai.com/chat/github/warrant-dev/warrant
hotglue.html,https://app.getonboardai.com/chat/github/hotgluexyz/gluestick
rivet.html,https://app.getonboardai.com/chat/github/rivet-gg/rivet
noya-software.html,https://app.getonboardai.com/chat/github/noya-app/noya
anythingllm.html,https://app.getonboardai.com/chat/github/Mintplex-Labs/anything-llm
mystic.html,https://app.getonboardai.com/chat/github/mystic-ai/pipeline
evidently-ai.html,https://app.getonboardai.com/chat/github/evidentlyai/evidently
laudspeaker.html,https://app.getonboardai.com/chat/github/laudspeaker/laudspeaker
porter.html,https://app.getonboardai.com/chat/github/porter-dev/porter
highlight.io.html,https://app.getonboardai.com/chat/github/highlight/highlight
index.html,https://app.getonboardai.com/learnthisrepo
twenty.html,https://app.getonboardai.com/chat/github/twentyhq/twenty
matano.html,https://app.getonboardai.com/chat/github/matanolabs/matano
authzed.html,https://app.getonboardai.com/chat/github/authzed/spicedb
wasp.html,https://app.getonboardai.com/chat/github/wasp-lang/wasp
ballerine.html,https://app.getonboardai.com/chat/github/ballerine-io/ballerine
berriai.html,https://app.getonboardai.com/chat/github/BerriAI/litellm
lancedb.html,https://app.getonboardai.com/chat/github/lancedb/lancedb
moonrepo.html,https://app.getonboardai.com/chat/github/moonrepo/moon
redis.html,https://app.getonboardai.com/chat/github/redis/redis
supabase.html,https://app.getonboardai.com/chat/github/supabase/supabase
karate-labs.html,https://app.getonboardai.com/chat/github/karatelabs/karate
refine.html,https://app.getonboardai.com/chat/github/refinedev/refine
pandasai.html,https://app.getonboardai.com/chat/github/gventuri/pandas-ai
customeros.html,https://app.getonboardai.com/chat/github/openline-ai/openline-customer-os
unify.html,https://app.getonboardai.com/chat/github/unifyai/ivy
payload-cms.html,https://app.getonboardai.com/chat/github/payloadcms/payload
curvenote.html,https://app.getonboardai.com/chat/github/curvenote/curvenote
lago.html,https://app.getonboardai.com/chat/github/getlago/lago
traceloop.html,https://app.getonboardai.com/chat/github/traceloop/openllmetry
sst.html,https://app.getonboardai.com/chat/github/sst/sst
formance.html,https://app.getonboardai.com/chat/github/formancehq/ledger
medplum.html,https://app.getonboardai.com/chat/github/medplum/medplum
langchain.html,https://app.getonboardai.com/chat/github/langchain-ai/langchain
danswer.html,https://app.getonboardai.com/chat/github/danswer-ai/danswer
enso.html,https://app.getonboardai.com/chat/github/enso-org/enso
windmill.html,https://app.getonboardai.com/chat/github/windmill-labs/windmill
uptrain-ai.html,https://app.getonboardai.com/chat/github/uptrain-ai/uptrain
arroyo.html,https://app.getonboardai.com/chat/github/ArroyoSystems/arroyo
lotus.html,https://app.getonboardai.com/chat/github/uselotus/lotus
axflow.html,https://app.getonboardai.com/chat/github/axflow/axflow
defer.html,https://app.getonboardai.com/chat/github/defer-run/defer.client
dioxus-labs.html,https://app.getonboardai.com/chat/github/DioxusLabs/dioxus
opencopilot.html,https://app.getonboardai.com/chat/github/openchatai/opencopilot
postgres.html,https://app.getonboardai.com/chat/github/postgres/postgres
pipebio.html,https://app.getonboardai.com/chat/github/pipebio/api-examples
speck.html,https://app.getonboardai.com/chat/github/speckai/speck
chroma.html,https://app.getonboardai.com/chat/github/chroma-core/chroma
magic-patterns.html,https://app.getonboardai.com/chat/github/magicpatterns/mirrorful
reworkd.html,https://app.getonboardai.com/chat/github/reworkd/AgentGPT
trigger.dev.html,https://app.getonboardai.com/chat/github/triggerdotdev/trigger.dev
tuva-health.html,https://app.getonboardai.com/chat/github/tuva-health/tuva
spruce-systems.html,https://app.getonboardai.com/chat/github/spruceid/siwe
hyperdx.html,https://app.getonboardai.com/chat/github/hyperdxio/hyperdx
massdriver.html,https://app.getonboardai.com/chat/github/massdriver-cloud/mass
metriport.html,https://app.getonboardai.com/chat/github/metriport/metriport
dagworks-inc..html,https://app.getonboardai.com/chat/github/DAGWorks-Inc/hamilton
relari.html,https://app.getonboardai.com/chat/github/relari-ai/continuous-eval
helicone.html,https://app.getonboardai.com/chat/github/Helicone/helicone
ukama.html,https://app.getonboardai.com/chat/github/ukama/ukama
lunatic.html,https://app.getonboardai.com/chat/github/lunatic-solutions/lunatic
nango.html,https://app.getonboardai.com/chat/github/NangoHQ/nango
react.html,https://app.getonboardai.com/chat/github/facebook/react
bun.html,https://app.getonboardai.com/chat/github/oven-sh/bun
questdb.html,https://app.getonboardai.com/chat/github/questdb/questdb
convoy.html,https://app.getonboardai.com/chat/github/frain-dev/convoy
svix.html,https://app.getonboardai.com/chat/github/svix/svix-webhooks
grai.html,https://app.getonboardai.com/chat/github/grai-io/grai-core
firezone.html,https://app.getonboardai.com/chat/github/firezone/firezone
lightdash.html,https://app.getonboardai.com/chat/github/lightdash/lightdash
lantern_extras.html,https://app.getonboardai.com/chat/github/lanterndata/lantern_extras
sematic.html,https://app.getonboardai.com/chat/github/sematic-ai/sematic
infracost.html,https://app.getonboardai.com/chat/github/infracost/infracost
growthbook.html,https://app.getonboardai.com/chat/github/growthbook/growthbook
brave.html,https://app.getonboardai.com/chat/github/brave/brave-browser
ollama.html,https://app.getonboardai.com/chat/github/jmorganca/ollama
scratch-data.html,https://app.getonboardai.com/chat/github/scratchdata/ScratchDB
tableflow.html,https://app.getonboardai.com/chat/github/tableflowhq/csv-import
ragas.html,https://app.getonboardai.com/chat/github/explodinggradients/ragas
keydb.html,https://app.getonboardai.com/chat/github/Snapchat/KeyDB
trainy.html,https://app.getonboardai.com/chat/github/Trainy-ai/llm-atc
activepieces.html,https://app.getonboardai.com/chat/github/activepieces/activepieces
webiny.html,https://app.getonboardai.com/chat/github/webiny/webiny-js
botcity.html,https://app.getonboardai.com/chat/github/botcity-dev/botcity-framework-core-python
metlo.html,https://app.getonboardai.com/chat/github/metlo-labs/metlo
netmaker.html,https://app.getonboardai.com/chat/github/gravitl/netmaker
fern.html,https://app.getonboardai.com/chat/github/fern-api/fern
lamin.html,https://app.getonboardai.com/chat/github/laminlabs/lamindb
langfuse.html,https://app.getonboardai.com/chat/github/langfuse/langfuse
bloop.html,https://app.getonboardai.com/chat/github/BloopAI/bloop
reflex.html,https://app.getonboardai.com/chat/github/reflex-dev/reflex
anarchy.html,https://app.getonboardai.com/chat/github/anarchy-ai/LLM-VM
linen.html,https://app.getonboardai.com/chat/github/Linen-dev/linen.dev
fig.html,https://app.getonboardai.com/chat/github/withfig/autocomplete
cambioml.html,https://app.getonboardai.com/chat/github/CambioML/pykoi
mito.html,https://app.getonboardai.com/chat/github/mito-ds/mito
frigade.html,https://app.getonboardai.com/chat/github/FrigadeHQ/react-native-onboard
flower.html,https://app.getonboardai.com/chat/github/adap/flower
openmeter.html,https://app.getonboardai.com/chat/github/openmeterio/openmeter
chatwoot.html,https://app.getonboardai.com/chat/github/chatwoot/chatwoot
zeuscloud.html,https://app.getonboardai.com/chat/github/Zeus-Labs/ZeusCloud
lantern.html,https://app.getonboardai.com/chat/github/lanterndata/lantern
requestly.html,https://app.getonboardai.com/chat/github/requestly/requestly
superagent.html,https://app.getonboardai.com/chat/github/homanp/superagent
keep.html,https://app.getonboardai.com/chat/github/keephq/keep
signoz.html,https://app.getonboardai.com/chat/github/SigNoz/signoz
dittofeed.html,https://app.getonboardai.com/chat/github/dittofeed/dittofeed
jitsu.html,https://app.getonboardai.com/chat/github/jitsucom/jitsu
supertokens.html,https://app.getonboardai.com/chat/github/supertokens/supertokens-core
vue-storefront.html,https://app.getonboardai.com/chat/github/vuestorefront/vue-storefront
mintplex-labs.html,https://app.getonboardai.com/chat/github/Mintplex-Labs/anything-llm
atri-labs.html,https://app.getonboardai.com/chat/github/Atri-Labs/atrilabs-engine
vectoradmin.html,https://app.getonboardai.com/chat/github/Mintplex-Labs/vector-admin
defog.ai.html,https://app.getonboardai.com/chat/github/defog-ai/sqlcoder
vocode.html,https://app.getonboardai.com/chat/github/vocodedev/vocode-python
posthog.html,https://app.getonboardai.com/chat/github/posthog/posthog
million.html,https://app.getonboardai.com/chat/github/aidenybai/million
artillery.html,https://app.getonboardai.com/chat/github/artilleryio/artillery
roboflow.html,https://app.getonboardai.com/chat/github/roboflow/supervision
shuttle.html,https://app.getonboardai.com/chat/github/shuttle-hq/shuttle
evidence.html,https://app.getonboardai.com/chat/github/evidence-dev/evidence
infisical.html,https://app.getonboardai.com/chat/github/Infisical/infisical
